K116-closest,K116-distance
100,114174.74049168108
100,249207.70450020605
100,152102.81655188484
100,195677.73799842785
100,148965.63015726118
100,176590.77300936985
100,118281.72254511635
100,139253.8319076122
