K116-closest,K116-distance
102,133297.8806969261
102,86183.38639932143
102,76922.23475274214
102,51786.33239036209
102,33782.01073262488
102,45141.970208378094
102,73436.17544414531
102,28062.37877596326
102,86495.0699707496
102,79400.94915686586
102,67153.63422072989
102,73492.29011687588
102,14936.130009511491
102,76861.9282557334
102,26878.488826513592
