K116-closest,K116-distance
113,62968.77824705923
113,104733.45741467652
113,142583.73077498426
113,118548.86164205325
113,49824.196995711354
113,31810.838106997297
113,131865.48557042767
113,53308.86541789732
113,34302.80716982537
