K116-closest,K116-distance
30,77989.2211708932
30,77989.22117089298
