K116-closest,K116-distance
35,193390.1078293522
35,193390.1078293522
