K116-closest,K116-distance
36,324428.9081008661
36,97065.35402393377
36,146014.48341030613
36,95208.33158909764
36,147139.7031581931
36,144970.63779350006
36,141946.6276166967
36,144688.72323445894
