K116-closest,K116-distance
44,136646.78913790733
44,116579.58113910293
44,116454.29573503765
44,293789.95954756514
44,77846.38491979809
44,160195.00463744404
44,72001.73679087768
44,118183.64493329528
44,69775.45219172185
44,68359.23226119857
44,127558.04156900848
44,218641.69507880922
44,83337.58002349481
44,138111.56969473636
44,74523.0049048473
