K116-closest,K116-distance
49,36905.73028937614
49,119352.60032448795
49,20796.346627768053
49,91421.48746385633
49,45444.634114083136
49,124361.51104827813
49,50266.967804614964
49,158661.47608556572
49,159933.9030665792
49,103521.20803677052
