K116-closest,K116-distance
55,71313.24534522754
55,224319.36587898008
55,224939.53598119886
