K116-closest,K116-distance
88,93382.81162763924
88,182412.1812633351
88,82378.21180866209
88,248498.4337640489
88,171424.25021529596
88,129313.61104379367
88,167328.71058450846
88,87218.16308149512
88,243281.3318172505
