K116-closest,K116-distance
9,91323.94085661092
9,125541.78136075714
9,79268.30835445148
9,128008.44893658553
9,128676.33111554074
9,183074.872847452
9,70049.21705123298
9,84206.78640530189
9,54556.35253991104
9,124495.52907546965
9,149750.2006343476
9,106730.76923347182
9,128988.27249119007
9,106607.7457872857
9,83624.77515055763
9,77052.25954184416
9,123006.06349110608
