K116-closest,K116-distance
94,169265.05192717758
94,104234.47914389249
94,74694.78700649885
94,102039.90246654797
94,105857.98023614002
94,75419.23644329722
94,103243.99550743413
94,116698.88430264026
94,75686.82918215488
94,103666.93028449744
