K116-closest,K116-distance
97,124329.63466271106
97,124495.6622805441
97,244124.8828579504
97,40586.00323628426
97,39910.78747355056
97,43918.320341582556
97,41039.98917429289
97,83584.94700023794
97,40511.84462112555
