K116-closest,K116-distance
99,220591.14417966237
99,220591.14417966246
